name	seg_i	ra1_deg	dec1_deg	ra2_deg	dec2_deg
Andromeda	0	14.301700	23.417600	11.834700	24.267200
Andromeda	1	11.834700	24.267200	9.638900	29.311800
Andromeda	2	9.638900	29.311800	9.832000	30.861000
Andromeda	3	9.832000	30.861000	9.220200	33.719300
Andromeda	4	9.220200	33.719300	-5.465800	43.268100
Andromeda	5	-5.465800	43.268100	-14.519700	42.326000
Andromeda	6	-5.465800	43.268100	-4.897900	44.333900
Andromeda	7	-4.897900	44.333900	-5.609000	46.458200
Andromeda	8	-4.897900	44.333900	-3.491500	46.420300
Andromeda	9	30.974800	42.329700	17.433000	35.620600
Andromeda	10	17.433000	35.620600	9.832000	30.861000
Andromeda	11	9.832000	30.861000	2.096900	29.090400
Andromeda	12	17.433000	35.620600	14.188400	38.499300
Andromeda	13	14.188400	38.499300	12.453500	41.078900
Andromeda	14	12.453500	41.078900	17.375500	47.241800
Andromeda	15	17.375500	47.241800	24.498200	48.628200
Antlia	0	142.311300	-35.951300	156.787900	-31.067800
Antlia	1	156.787900	-31.067800	164.179400	-37.137800
Apus	0	-138.034500	-79.044800	-114.913300	-78.695700
Apus	1	-114.913300	-78.695700	-109.230600	-77.517400
Apus	2	-109.230600	-77.517400	-111.637200	-78.897100
Aquarius	0	-48.081000	-9.495800	-46.836500	-8.983300
Aquarius	1	-46.836500	-8.983300	-37.110300	-5.571200
Aquarius	2	-37.110300	-5.571200	-28.554000	-0.319900
Aquarius	3	-28.554000	-0.319900	-24.585900	-1.387300
Aquarius	4	-24.585900	-1.387300	-22.792000	-0.020000
Aquarius	5	-22.792000	-0.020000	-21.160900	-0.117500
Aquarius	6	-21.160900	-0.117500	-16.846400	-7.579600
Aquarius	7	-16.846400	-7.579600	-10.524100	-9.182500
Aquarius	8	-10.524100	-9.182500	-12.638300	-21.172400
Aquarius	9	-37.110300	-5.571200	-28.390700	-13.869700
Aquarius	10	-28.554000	-0.319900	-25.791500	-7.783300
Aquarius	11	-22.792000	-0.020000	-23.680700	1.377400
Aquarius	12	-9.257400	-20.100600	-10.524100	-9.182500
Aquarius	13	-10.524100	-9.182500	-4.559100	-17.816500
Aquila	0	-63.435100	10.613300	-62.304200	8.868300
Aquila	1	-62.304200	8.868300	-61.171700	6.406800
Aquila	2	-61.171700	6.406800	-57.173800	-0.821500
Aquila	3	-57.173800	-0.821500	-61.881800	1.005700
Aquila	4	-61.881800	1.005700	-68.625400	3.114800
Aquila	5	-68.625400	3.114800	-73.647500	13.863500
Aquila	6	-73.647500	13.863500	-62.304200	8.868300
Aquila	7	-62.304200	8.868300	-68.625400	3.114800
Aquila	8	-68.625400	3.114800	-73.437800	-4.882600
Ara	0	-98.651400	-56.377700	-97.225400	-60.683800
Ara	1	-97.225400	-60.683800	-107.553500	-59.041400
Ara	2	-107.553500	-59.041400	-105.345000	-55.990100
Ara	3	-105.345000	-55.990100	-105.104000	-53.160400
Ara	4	-105.104000	-53.160400	-97.039600	-49.876100
Ara	5	-97.039600	-49.876100	-98.675000	-55.529900
Aries	0	42.496000	27.260500	31.793400	23.462400
Aries	1	31.793400	23.462400	28.660000	20.808000
Aries	2	28.660000	20.808000	28.382600	19.293900
Auriga	0	89.882200	44.947400	79.172300	45.998000
Auriga	1	79.172300	45.998000	76.628700	41.234500
Auriga	2	76.628700	41.234500	74.248400	33.166100
Auriga	3	74.248400	33.166100	81.573000	28.607500
Auriga	4	81.573000	28.607500	89.930300	37.212600
Auriga	5	89.930300	37.212600	89.882200	44.947400
Auriga	6	89.882200	44.947400	89.881800	54.284700
Auriga	7	89.881800	54.284700	79.172300	45.998000
Auriga	8	79.172300	45.998000	75.492200	43.823300
Auriga	9	75.492200	43.823300	75.619500	41.075800
Boötes	0	-153.184400	17.456900	-151.328800	18.397700
Boötes	1	-151.328800	18.397700	-146.084700	19.182400
Boötes	2	-146.084700	19.182400	-142.042500	30.371400
Boötes	3	-142.042500	30.371400	-141.980500	38.308300
Boötes	4	-141.980500	38.308300	-134.513500	40.390600
Boötes	5	-134.513500	40.390600	-131.124300	33.314800
Boötes	6	-131.124300	33.314800	-138.753300	27.074200
Boötes	7	-138.753300	27.074200	-146.084700	19.182400
Boötes	8	-146.084700	19.182400	-139.712700	13.728300
Boötes	9	-141.980500	38.308300	-145.904100	46.088300
Boötes	10	-145.904100	46.088300	-146.634100	51.787900
Boötes	11	-146.634100	51.787900	-143.700800	51.850700
Boötes	12	-143.700800	51.850700	-145.904100	46.088300
Caelum	0	67.708700	-44.953700	70.140500	-41.863800
Caelum	1	70.140500	-41.863800	70.514500	-37.144300
Caelum	2	70.514500	-37.144300	76.101700	-35.483000
Camelopardalis	0	74.321700	53.752100	75.854500	60.442200
Camelopardalis	1	75.854500	60.442200	73.512500	66.342700
Camelopardalis	2	73.512500	66.342700	57.589600	71.332300
Camelopardalis	3	57.589600	71.332300	57.380300	65.526000
Camelopardalis	4	57.380300	65.526000	52.267200	59.940300
Camelopardalis	5	73.512500	66.342700	94.711600	69.319800
Camelopardalis	6	94.711600	69.319800	105.016800	76.977400
Cancer	0	131.171200	18.154300	124.128800	9.185500
Cancer	1	134.621800	11.857700	131.171200	18.154300
Cancer	2	131.171200	18.154300	130.821400	21.468500
Cancer	3	130.821400	21.468500	131.666600	28.765100
Canes Venatici	0	-165.998100	38.314900	-171.564400	41.357500
Canis Major	0	95.674900	-17.955900	101.287200	-16.716100
Canis Major	1	101.287200	-16.716100	105.756100	-23.833300
Canis Major	2	105.756100	-23.833300	107.097900	-26.393200
Canis Major	3	107.097900	-26.393200	105.429800	-27.934800
Canis Major	4	105.429800	-27.934800	104.656500	-28.972100
Canis Major	5	104.656500	-28.972100	95.078300	-30.063400
Canis Major	6	101.287200	-16.716100	104.034300	-17.054200
Canis Major	7	104.034300	-17.054200	105.939600	-15.633300
Canis Major	8	105.939600	-15.633300	103.547500	-12.038600
Canis Major	9	103.547500	-12.038600	104.034300	-17.054200
Canis Major	10	111.023800	-29.303100	107.097900	-26.393200
Canis Minor	0	114.825500	5.225000	111.787700	8.289300
Capricornus	0	-55.588000	-12.508200	-54.747200	-14.781400
Capricornus	1	-54.747200	-14.781400	-52.784900	-17.813700
Capricornus	2	-52.784900	-17.813700	-48.476100	-25.270900
Capricornus	3	-48.476100	-25.270900	-47.044600	-26.919100
Capricornus	4	-47.044600	-26.919100	-38.333200	-22.411300
Capricornus	5	-38.333200	-22.411300	-33.239800	-16.127300
Capricornus	6	-33.239800	-16.127300	-34.977300	-16.662300
Capricornus	7	-34.977300	-16.662300	-39.438300	-16.834500
Capricornus	8	-39.438300	-16.834500	-43.513200	-17.232900
Capricornus	9	-43.513200	-17.232900	-55.588000	-12.508200
Carina	0	99.440300	-43.195900	95.988000	-52.695700
Carina	1	95.988000	-52.695700	138.299900	-69.717200
Carina	2	138.299900	-69.717200	153.434200	-70.037900
Carina	3	153.434200	-70.037900	160.739200	-64.394500
Carina	4	160.739200	-64.394500	158.006100	-61.685300
Carina	5	158.006100	-61.685300	154.270700	-61.332300
Carina	6	154.270700	-61.332300	139.272500	-59.275200
Carina	7	139.272500	-59.275200	125.628500	-59.509500
Carina	8	125.628500	-59.509500	119.194600	-52.982400
Carina	9	119.194600	-52.982400	122.383100	-47.336600
Carina	10	122.383100	-47.336600	131.175900	-54.708800
Carina	11	131.175900	-54.708800	139.272500	-59.275200
Carina	12	160.739200	-64.394500	166.635100	-62.424100
Carina	13	166.635100	-62.424100	167.141700	-61.947200
Carina	14	167.141700	-61.947200	168.150100	-60.317600
Carina	15	168.150100	-60.317600	167.147500	-58.975000
Carina	16	167.147500	-58.975000	163.373600	-58.853200
Carina	17	163.373600	-58.853200	158.006100	-61.685300
Cassiopeia	0	28.598900	63.670100	21.454000	60.235300
Cassiopeia	1	21.454000	60.235300	14.177200	60.716700
Cassiopeia	2	14.177200	60.716700	10.126800	56.537300
Cassiopeia	3	10.126800	56.537300	2.294500	59.149800
Centaurus	0	-172.990100	-50.230600	-177.087000	-52.368500
Centaurus	1	-177.087000	-52.368500	-180.000000	-54.435000
Centaurus	2	-180.000000	-51.387600	-177.910400	-50.722400
Centaurus	3	-177.910400	-50.722400	-172.990100	-50.230600
Centaurus	4	-172.990100	-50.230600	-169.620700	-48.959900
Centaurus	5	-169.620700	-48.959900	-155.028100	-53.466400
Centaurus	6	-155.028100	-53.466400	-151.115100	-47.288400
Centaurus	7	-151.115100	-47.288400	-152.595900	-42.473700
Centaurus	8	-152.595900	-42.473700	-152.623800	-41.687700
Centaurus	9	-152.623800	-41.687700	-148.329400	-36.370000
Centaurus	10	-148.329400	-36.370000	-141.123200	-42.157800
Centaurus	11	-141.123200	-42.157800	-135.209600	-42.104200
Centaurus	12	-152.623800	-41.687700	-159.850800	-36.712300
Centaurus	13	-140.103800	-60.837200	-155.028100	-53.466400
Centaurus	14	-155.028100	-53.466400	-149.044100	-60.373000
Centaurus	15	170.251700	-54.491000	180.000000	-51.387600
Centaurus	16	180.000000	-54.435000	172.942000	-59.442100
Cepheus	0	-52.604600	62.994100	-48.677600	61.838800
Cepheus	1	-48.677600	61.838800	-40.355100	62.585600
Cepheus	2	-40.355100	62.585600	-34.123100	58.780000
Cepheus	3	-34.123100	58.780000	-26.240900	57.043600
Cepheus	4	-26.240900	57.043600	-27.286300	58.201300
Cepheus	5	-27.286300	58.201300	-22.707200	58.415200
Cepheus	6	-22.707200	58.415200	-17.579900	66.200400
Cepheus	7	-17.579900	66.200400	-5.163100	77.632300
Cepheus	8	-5.163100	77.632300	-37.835000	70.560700
Cepheus	9	-37.835000	70.560700	-40.355100	62.585600
Cepheus	10	-37.835000	70.560700	-17.579900	66.200400
Cetus	0	40.825200	3.235800	38.968600	5.593200
Cetus	1	38.968600	5.593200	37.039800	8.460100
Cetus	2	37.039800	8.460100	41.235600	10.114100
Cetus	3	41.235600	10.114100	44.928800	8.907400
Cetus	4	44.928800	8.907400	45.569900	4.089700
Cetus	5	45.569900	4.089700	40.825200	3.235800
Cetus	6	40.825200	3.235800	39.870700	0.328500
Cetus	7	39.870700	0.328500	34.836600	-2.977600
Cetus	8	34.836600	-2.977600	27.865100	-10.335000
Cetus	9	27.865100	-10.335000	26.017000	-15.937500
Cetus	10	26.017000	-15.937500	10.897400	-17.986600
Cetus	11	10.897400	-17.986600	4.857000	-8.823900
Cetus	12	4.857000	-8.823900	17.147500	-10.182300
Cetus	13	17.147500	-10.182300	21.005900	-8.183300
Cetus	14	21.005900	-8.183300	27.865100	-10.335000
Chamaeleon	0	-180.000000	-79.540300	-175.413200	-79.312200
Chamaeleon	1	-175.413200	-79.312200	-180.000000	-78.243600
Chamaeleon	2	124.631500	-76.919700	158.867100	-78.607800
Chamaeleon	3	158.867100	-78.607800	161.318000	-80.469600
Chamaeleon	4	161.318000	-80.469600	180.000000	-79.540300
Chamaeleon	5	180.000000	-78.243600	179.906600	-78.221800
Chamaeleon	6	179.906600	-78.221800	158.867100	-78.607800
Circinus	0	-130.621500	-58.801200	-139.373300	-64.975100
Circinus	1	-139.373300	-64.975100	-129.155600	-59.320800
Columba	0	95.528500	-33.436400	87.740000	-35.768300
Columba	1	87.740000	-35.768300	84.912200	-34.074100
Columba	2	84.912200	-34.074100	82.803100	-35.470500
Columba	3	87.740000	-35.768300	89.786700	-42.815100
Coma Berenices	0	-162.503000	17.529400	-162.031700	27.878200
Coma Berenices	1	-162.031700	27.878200	-173.265500	28.268400
Corona Austrina	0	-75.319300	-37.107400	-73.395400	-37.063400
Corona Austrina	1	-73.395400	-37.063400	-72.631900	-37.904500
Corona Austrina	2	-72.631900	-37.904500	-72.492700	-39.340800
Corona Austrina	3	-72.492700	-39.340800	-72.912600	-40.496700
Corona Austrina	4	-72.912600	-40.496700	-74.221300	-42.095100
Corona Austrina	5	-74.221300	-42.095100	-77.604200	-43.434100
Corona Austrina	6	-77.604200	-43.434100	-81.624200	-42.312500
Corona Borealis	0	-126.767600	31.359100	-128.042800	29.105700
Corona Borealis	1	-128.042800	29.105700	-126.328000	26.714700
Corona Borealis	2	-126.328000	26.714700	-124.314300	26.295600
Corona Borealis	3	-124.314300	26.295600	-122.601500	26.068400
Corona Borealis	4	-122.601500	26.068400	-120.603100	26.877900
Corona Borealis	5	-120.603100	26.877900	-119.639300	29.851100
Corvus	0	-177.896600	-24.728900	-177.468800	-22.619800
Corvus	1	-177.468800	-22.619800	-176.048500	-17.541900
Corvus	2	-176.048500	-17.541900	-172.533900	-16.515400
Corvus	3	-172.533900	-16.515400	-171.403200	-23.396800
Corvus	4	-171.403200	-23.396800	-177.468800	-22.619800
Crater	0	169.835200	-14.778500	171.220500	-17.684000
Crater	1	174.170500	-9.802200	171.152500	-10.859300
Crater	2	171.152500	-10.859300	169.835200	-14.778500
Crater	3	169.835200	-14.778500	164.943600	-18.298800
Crater	4	164.943600	-18.298800	167.914500	-22.825800
Crater	5	167.914500	-22.825800	170.841200	-18.780000
Crater	6	170.841200	-18.780000	171.220500	-17.684000
Crater	7	171.220500	-17.684000	176.190700	-18.350700
Crater	8	176.190700	-18.350700	179.004000	-17.150800
Crux	0	-168.069700	-59.688800	-176.213700	-58.748900
Crux	1	-173.350400	-63.099100	-172.208500	-57.113200
Cygnus	0	-41.765900	30.226900	-48.447200	33.970300
Cygnus	1	-48.447200	33.970300	-54.442900	40.256700
Cygnus	2	-54.442900	40.256700	-63.756300	45.130800
Cygnus	3	-63.756300	45.130800	-67.573500	51.729800
Cygnus	4	-67.573500	51.729800	-70.724300	53.368500
Cygnus	5	-49.642000	45.280300	-54.442900	40.256700
Cygnus	6	-54.442900	40.256700	-60.923500	35.083400
Cygnus	7	-60.923500	35.083400	-67.319700	27.959700
Delphinus	0	-51.696800	11.303300	-50.612700	14.595100
Delphinus	1	-50.612700	14.595100	-50.090500	15.912100
Delphinus	2	-50.090500	15.912100	-48.338100	16.124100
Delphinus	3	-48.338100	16.124100	-49.135300	15.074600
Delphinus	4	-49.135300	15.074600	-50.612700	14.595100
Dorado	0	64.006600	-51.486600	68.499100	-55.045000
Dorado	1	68.499100	-55.045000	83.406300	-62.489800
Dorado	2	83.406300	-62.489800	86.193200	-65.735500
Dorado	3	86.193200	-65.735500	88.525200	-63.089600
Dorado	4	88.525200	-63.089600	83.406300	-62.489800
Dorado	5	83.406300	-62.489800	76.377700	-57.472700
Dorado	6	76.377700	-57.472700	68.499100	-55.045000
Draco	0	-91.617800	56.872600	-90.848500	51.488900
Draco	1	-90.848500	51.488900	-97.391800	52.301400
Draco	2	-97.391800	52.301400	-96.933200	55.173000
Draco	3	-96.933200	55.173000	-91.617800	56.872600
Draco	4	-91.617800	56.872600	-71.861200	67.661500
Draco	5	-71.861200	67.661500	-84.810700	71.337800
Draco	6	-84.810700	71.337800	-102.803400	65.714700
Draco	7	-102.803400	65.714700	-114.002100	61.514200
Draco	8	-114.002100	61.514200	-119.527700	58.565300
Draco	9	-119.527700	58.565300	-128.767600	58.966100
Draco	10	-128.767600	58.966100	-148.902700	64.375900
Draco	11	-148.902700	64.375900	-171.629400	69.788200
Draco	12	-171.629400	69.788200	-180.000000	69.541700
Draco	13	-84.810700	71.337800	-84.735900	72.732800
Draco	14	-71.861200	67.661500	-62.956900	70.267900
Draco	15	180.000000	69.541700	172.850900	69.331100
Equuleus	0	-41.044000	5.247800	-41.379900	10.007000
Equuleus	1	-41.379900	10.007000	-42.414600	10.131600
Eridanus	0	76.962400	-5.086400	71.375600	-3.254700
Eridanus	1	71.375600	-3.254700	69.079800	-3.352500
Eridanus	2	69.079800	-3.352500	62.966400	-6.837600
Eridanus	3	62.966400	-6.837600	59.507400	-13.508500
Eridanus	4	59.507400	-13.508500	56.535600	-12.101600
Eridanus	5	56.535600	-12.101600	55.812100	-9.763400
Eridanus	6	55.812100	-9.763400	53.232700	-9.458300
Eridanus	7	53.232700	-9.458300	44.106900	-8.898100
Eridanus	8	44.106900	-8.898100	41.030600	-13.858700
Eridanus	9	41.030600	-13.858700	41.275800	-18.572600
Eridanus	10	41.275800	-18.572600	45.597900	-23.624500
Eridanus	11	45.597900	-23.624500	49.879200	-21.757900
Eridanus	12	49.879200	-21.757900	53.447000	-21.632900
Eridanus	13	53.447000	-21.632900	56.712000	-23.249700
Eridanus	14	56.712000	-23.249700	68.887700	-30.562300
Eridanus	15	68.887700	-30.562300	66.009200	-34.016800
Eridanus	16	66.009200	-34.016800	64.473600	-33.798300
Eridanus	17	64.473600	-33.798300	57.363500	-36.200300
Eridanus	18	57.363500	-36.200300	54.273700	-40.274500
Eridanus	19	54.273700	-40.274500	49.981900	-43.069800
Eridanus	20	49.981900	-43.069800	44.565300	-40.304700
Eridanus	21	44.565300	-40.304700	40.166800	-39.855400
Eridanus	22	40.166800	-39.855400	36.746300	-47.703800
Eridanus	23	36.746300	-47.703800	34.127400	-51.512200
Eridanus	24	34.127400	-51.512200	28.989500	-51.608900
Eridanus	25	28.989500	-51.608900	24.428500	-57.236800
Fornax	0	48.018900	-28.987600	42.272600	-32.405900
Fornax	1	42.272600	-32.405900	31.122700	-29.296800
Gemini	0	93.719400	22.506800	95.740100	22.513600
Gemini	1	95.740100	22.513600	100.983000	25.131100
Gemini	2	100.983000	25.131100	107.784900	30.245200
Gemini	3	107.784900	30.245200	113.649400	31.888300
Gemini	4	113.649400	31.888300	116.329000	28.026200
Gemini	5	116.329000	28.026200	113.980600	26.895700
Gemini	6	113.980600	26.895700	110.030700	21.982300
Gemini	7	110.030700	21.982300	106.027200	20.570300
Gemini	8	106.027200	20.570300	99.427900	16.399300
Gemini	9	99.427900	16.399300	101.322400	12.895600
Gemini	10	110.030700	21.982300	109.523200	16.540400
Grus	0	-22.682600	-43.495600	-26.096200	-41.346700
Grus	1	-26.096200	-41.346700	-28.471300	-39.543400
Grus	2	-28.471300	-39.543400	-31.517800	-37.364900
Grus	3	-14.780000	-52.754100	-17.861300	-51.316900
Grus	4	-17.861300	-51.316900	-19.333100	-46.884600
Grus	5	-19.333100	-46.884600	-22.560700	-43.749200
Grus	6	-22.560700	-43.749200	-27.941700	-46.961000
Grus	7	-27.941700	-46.961000	-19.333100	-46.884600
Hercules	0	-114.519900	19.153100	-112.445000	21.489600
Hercules	1	-112.445000	21.489600	-109.678500	31.602700
Hercules	2	-109.678500	31.602700	-109.276000	38.922300
Hercules	3	-109.276000	38.922300	-111.474200	42.437000
Hercules	4	-111.474200	42.437000	-115.064800	46.313400
Hercules	5	-115.064800	46.313400	-117.807600	44.934900
Hercules	6	-117.807600	44.934900	-121.831100	42.451500
Hercules	7	-101.338100	14.390300	-112.445000	21.489600
Hercules	8	-109.678500	31.602700	-104.927600	30.926400
Hercules	9	-109.276000	38.922300	-101.238200	36.809200
Hercules	10	-90.936700	37.250500	-99.079400	37.145900
Hercules	11	-99.079400	37.145900	-101.238200	36.809200
Hercules	12	-101.238200	36.809200	-104.927600	30.926400
Hercules	13	-104.927600	30.926400	-101.242000	24.839200
Hercules	14	-101.242000	24.839200	-93.385300	27.720700
Hercules	15	-93.385300	27.720700	-90.558800	29.247900
Hercules	16	-90.558800	29.247900	-88.114400	28.762500
Horologium	0	63.500500	-42.294400	40.639400	-50.800300
Horologium	1	40.639400	-50.800300	39.351500	-52.543100
Horologium	2	39.351500	-52.543100	40.165100	-54.549900
Horologium	3	40.165100	-54.549900	45.903400	-59.737800
Horologium	4	45.903400	-59.737800	44.699200	-64.071300
Hydra	0	-180.000000	-33.022900	-160.269600	-23.171500
Hydra	1	-160.269600	-23.171500	-148.407100	-26.682400
Hydra	2	-148.407100	-26.682400	-137.427900	-27.960400
Hydra	3	131.693800	6.418800	132.108200	5.837800
Hydra	4	132.108200	5.837800	130.806100	3.398700
Hydra	5	130.806100	3.398700	129.689300	3.341400
Hydra	6	129.689300	3.341400	129.414000	5.703800
Hydra	7	129.414000	5.703800	131.693800	6.418800
Hydra	8	131.693800	6.418800	133.848400	5.945600
Hydra	9	133.848400	5.945600	138.591100	2.314300
Hydra	10	138.591100	2.314300	144.964000	-1.142800
Hydra	11	144.964000	-1.142800	141.896800	-8.658600
Hydra	12	141.896800	-8.658600	147.869600	-14.846600
Hydra	13	147.869600	-14.846600	152.647000	-12.354100
Hydra	14	152.647000	-12.354100	156.522600	-16.836300
Hydra	15	156.522600	-16.836300	162.406200	-16.193600
Hydra	16	162.406200	-16.193600	173.250500	-31.857600
Hydra	17	173.250500	-31.857600	178.227200	-33.908100
Hydra	18	178.227200	-33.908100	180.000000	-33.022900
Hydrus	0	6.437800	-77.254200	56.809800	-74.239000
Hydrus	1	56.809800	-74.239000	39.897300	-68.266900
Hydrus	2	39.897300	-68.266900	35.437300	-68.659400
Hydrus	3	35.437300	-68.659400	28.733900	-67.647300
Hydrus	4	28.733900	-67.647300	29.692500	-61.569900
Indus	0	-50.608200	-47.291500	-48.990300	-51.921000
Indus	1	-48.990300	-51.921000	-46.297500	-58.454200
Indus	2	-46.297500	-58.454200	-30.520500	-54.992600
Indus	3	-30.520500	-54.992600	-40.033400	-53.449400
Indus	4	-40.033400	-53.449400	-50.608200	-47.291500
Lacerta	0	-22.378100	43.123400	-26.530300	39.714900
Lacerta	1	-26.530300	39.714900	-26.007600	37.748700
Lacerta	2	-24.109900	52.229000	-22.177100	50.282500
Lacerta	3	-22.177100	50.282500	-22.617400	47.706900
Lacerta	4	-22.617400	47.706900	-24.743600	46.536600
Lacerta	5	-24.743600	46.536600	-22.378100	43.123400
Lacerta	6	-22.378100	43.123400	-19.871400	44.276300
Lacerta	7	-19.871400	44.276300	-22.617400	47.706900
Lacerta	8	-22.617400	47.706900	-23.870900	49.476400
Lacerta	9	-23.870900	49.476400	-24.109900	52.229000
Leo	0	154.993100	19.841500	154.172600	23.417300
Leo	1	154.172600	23.417300	148.190900	26.007000
Leo	2	148.190900	26.007000	146.462800	23.774300
Leo	3	152.093000	11.967200	151.833100	16.762700
Leo	4	151.833100	16.762700	154.993100	19.841500
Leo	5	154.993100	19.841500	168.527100	20.523700
Leo	6	168.527100	20.523700	177.264900	14.572100
Leo	7	177.264900	14.572100	168.560000	15.429600
Leo	8	168.560000	15.429600	152.093000	11.967200
Leo Minor	0	151.857300	35.244700	156.478400	33.796100
Leo Minor	1	156.478400	33.796100	163.327900	34.214900
Leo Minor	2	163.327900	34.214900	156.970800	36.707200
Leo Minor	3	156.970800	36.707200	151.857300	35.244700
Leo Minor	4	151.857300	35.244700	143.555800	36.397600
Lepus	0	78.307800	-12.941300	78.232900	-16.205500
Lepus	1	78.232900	-16.205500	79.893900	-13.176800
Lepus	2	91.538800	-14.935300	89.101200	-14.167700
Lepus	3	89.101200	-14.167700	86.738900	-14.822000
Lepus	4	86.738900	-14.822000	83.182600	-17.822300
Lepus	5	83.182600	-17.822300	78.232900	-16.205500
Lepus	6	78.232900	-16.205500	76.365300	-22.371000
Lepus	7	76.365300	-22.371000	82.061300	-20.759400
Lepus	8	82.061300	-20.759400	86.115800	-22.448400
Lepus	9	86.115800	-22.448400	87.830400	-20.879100
Libra	0	-137.280400	-16.041800	-126.118400	-14.789500
Libra	1	-133.982400	-25.282000	-137.280400	-16.041800
Libra	2	-137.280400	-16.041800	-130.748300	-9.382900
Libra	3	-130.748300	-9.382900	-126.118400	-14.789500
Libra	4	-126.118400	-14.789500	-125.744000	-28.135100
Libra	5	-125.744000	-28.135100	-125.336000	-29.777800
Lupus	0	-129.657000	-40.647500	-126.214800	-41.166800
Lupus	1	-122.260300	-33.627200	-125.058400	-34.411900
Lupus	2	-125.058400	-34.411900	-129.548500	-36.261400
Lupus	3	-129.548500	-36.261400	-129.657000	-40.647500
Lupus	4	-129.657000	-40.647500	-135.367000	-43.134000
Lupus	5	-135.367000	-43.134000	-139.517700	-47.388200
Lupus	6	-139.517700	-47.388200	-131.928800	-52.099200
Lupus	7	-131.928800	-52.099200	-130.366600	-47.875300
Lupus	8	-130.366600	-47.875300	-129.329700	-44.689600
Lupus	9	-129.329700	-44.689600	-126.214800	-41.166800
Lupus	10	-126.214800	-41.166800	-119.969500	-38.396700
Lupus	11	-119.969500	-38.396700	-118.351900	-36.802300
Lynx	0	94.905800	59.011000	104.319200	58.422800
Lynx	1	104.319200	58.422800	111.678500	49.211500
Lynx	2	111.678500	49.211500	125.708800	43.188100
Lynx	3	125.708800	43.188100	135.159900	41.782900
Lynx	4	135.159900	41.782900	139.711000	36.802600
Lynx	5	139.711000	36.802600	140.263800	34.392600
Lyra	0	-78.806800	37.605100	-78.905100	39.612700
Lyra	1	-78.905100	39.612700	-80.765300	38.783700
Lyra	2	-80.765300	38.783700	-78.806800	37.605100
Lyra	3	-78.806800	37.605100	-76.373800	36.898600
Lyra	4	-76.373800	36.898600	-75.264100	32.689600
Lyra	5	-75.264100	32.689600	-77.480000	33.362700
Lyra	6	-77.480000	33.362700	-78.806800	37.605100
Mensa	0	92.560300	-74.753000	82.970900	-76.341000
Mensa	1	82.970900	-76.341000	73.796700	-74.936900
Mensa	2	73.796700	-74.936900	75.679200	-71.314300
Microscopium	0	-47.508000	-33.779700	-47.878600	-43.988500
Microscopium	1	-47.878600	-43.988500	-39.809800	-40.809500
Microscopium	2	-39.809800	-40.809500	-40.515500	-32.172500
Microscopium	3	-40.515500	-32.172500	-44.677200	-32.257800
Microscopium	4	-44.677200	-32.257800	-47.508000	-33.779700
Monoceros	0	115.311800	-9.551100	122.148500	-2.983800
Monoceros	1	122.148500	-2.983800	107.966100	-0.492800
Monoceros	2	107.966100	-0.492800	97.204500	-7.033100
Monoceros	3	97.204500	-7.033100	93.713900	-6.274800
Monoceros	4	107.966100	-0.492800	101.965200	2.412200
Monoceros	5	101.965200	2.412200	95.942000	4.592900
Monoceros	6	95.942000	4.592900	98.225900	7.333000
Monoceros	7	98.225900	7.333000	100.244400	9.895800
Musca	0	-180.000000	-67.283500	-175.607200	-67.960700
Musca	1	-175.607200	-67.960700	-170.704100	-69.135600
Musca	2	-170.704100	-69.135600	-168.430000	-68.108100
Musca	3	-168.430000	-68.108100	-164.432200	-71.548900
Musca	4	-164.432200	-71.548900	-171.883300	-72.133000
Musca	5	-171.883300	-72.133000	-170.704100	-69.135600
Musca	6	176.401700	-66.728800	180.000000	-67.283500
Norma	0	-118.377300	-45.173200	-113.204000	-47.554800
Norma	1	-113.204000	-47.554800	-115.039900	-50.155500
Norma	2	-115.039900	-50.155500	-119.196300	-49.229700
Norma	3	-119.196300	-49.229700	-118.377300	-45.173200
Octans	0	-143.269900	-83.667900	-18.485400	-81.381600
Octans	1	-18.485400	-81.381600	-34.630600	-77.390000
Octans	2	-34.630600	-77.390000	-143.269900	-83.667900
Ophiuchus	0	-105.582900	9.375000	-110.710300	-10.567100
Ophiuchus	1	-110.710300	-10.567100	-112.215100	-16.612700
Ophiuchus	2	-112.215100	-16.612700	-113.244000	-18.456300
Ophiuchus	3	-113.244000	-18.456300	-113.974200	-20.037300
Ophiuchus	4	-113.974200	-20.037300	-113.603700	-23.447200
Ophiuchus	5	-90.243400	-9.773600	-93.026800	2.707300
Ophiuchus	6	-93.026800	2.707300	-94.131900	4.567300
Ophiuchus	7	-94.131900	4.567300	-96.266400	12.560000
Ophiuchus	8	-96.266400	12.560000	-105.582900	9.375000
Ophiuchus	9	-105.582900	9.375000	-112.271600	1.983900
Ophiuchus	10	-112.271600	1.983900	-116.413600	-3.694300
Ophiuchus	11	-116.413600	-3.694300	-115.419600	-4.692500
Ophiuchus	12	-115.419600	-4.692500	-110.710300	-10.567100
Ophiuchus	13	-110.710300	-10.567100	-102.405500	-15.724900
Ophiuchus	14	-94.131900	4.567300	-102.405500	-15.724900
Ophiuchus	15	-102.405500	-15.724900	-99.497600	-24.999500
Ophiuchus	16	-99.497600	-24.999500	-98.161400	-29.867000
Orion	0	91.893000	14.768500	88.595800	20.276200
Orion	1	88.595800	20.276200	90.979900	20.138500
Orion	2	90.979900	20.138500	92.985000	14.208800
Orion	3	92.985000	14.208800	90.595800	9.647300
Orion	4	90.595800	9.647300	88.792900	7.407100
Orion	5	88.792900	7.407100	81.282800	6.349700
Orion	6	81.282800	6.349700	73.723900	10.150800
Orion	7	74.637100	1.714000	73.562900	2.440700
Orion	8	73.562900	2.440700	72.801500	5.605100
Orion	9	72.801500	5.605100	72.460000	6.961300
Orion	10	72.460000	6.961300	72.653000	8.900200
Orion	11	72.653000	8.900200	73.723900	10.150800
Orion	12	73.723900	10.150800	74.092800	13.514500
Orion	13	74.092800	13.514500	76.142300	15.404100
Orion	14	76.142300	15.404100	77.424800	15.597200
Orion	15	78.634500	-8.201600	81.119200	-2.397100
Orion	16	81.119200	-2.397100	83.001700	-0.299100
Orion	17	83.001700	-0.299100	81.282800	6.349700
Orion	18	81.282800	6.349700	83.784500	9.934200
Orion	19	83.784500	9.934200	88.792900	7.407100
Orion	20	88.792900	7.407100	85.189700	-1.942600
Orion	21	85.189700	-1.942600	86.939100	-9.669600
Orion	22	85.189700	-1.942600	84.053400	-1.201900
Orion	23	84.053400	-1.201900	83.001700	-0.299100
Pavo	0	-53.588100	-56.735100	-48.760400	-66.203200
Pavo	1	-48.760400	-66.203200	-57.818300	-66.182100
Pavo	2	-57.818300	-66.182100	-76.945700	-62.187600
Pavo	3	-76.945700	-62.187600	-84.193200	-61.493900
Pavo	4	-84.193200	-61.493900	-87.854900	-63.668600
Pavo	5	-87.854900	-63.668600	-93.566700	-64.723900
Pavo	6	-93.566700	-64.723900	-79.241100	-71.428100
Pavo	7	-79.241100	-71.428100	-59.851900	-72.910500
Pavo	8	-59.851900	-72.910500	-48.760400	-66.203200
Pavo	9	-48.760400	-66.203200	-38.389100	-65.366200
Pegasus	0	-27.503100	33.178200	-19.249400	30.221200
Pegasus	1	-19.249400	30.221200	-14.056400	28.082800
Pegasus	2	-14.056400	28.082800	2.096900	29.090400
Pegasus	3	2.096900	29.090400	3.309000	15.183600
Pegasus	4	3.309000	15.183600	-13.809800	15.205300
Pegasus	5	-13.809800	15.205300	-18.326700	12.172900
Pegasus	6	-18.326700	12.172900	-19.634500	10.831400
Pegasus	7	-19.634500	10.831400	-27.450100	6.197900
Pegasus	8	-27.450100	6.197900	-33.953500	9.875000
Pegasus	9	-13.809800	15.205300	-14.056400	28.082800
Pegasus	10	-14.056400	28.082800	-17.499200	24.601600
Pegasus	11	-17.499200	24.601600	-18.367200	23.565700
Pegasus	12	-18.367200	23.565700	-28.247200	25.345100
Pegasus	13	-28.247200	25.345100	-33.838600	25.645000
Perseus	0	47.266700	49.613300	41.049900	49.228400
Perseus	1	41.049900	49.228400	25.915200	50.688700
Perseus	2	56.079700	32.288200	58.533000	31.883600
Perseus	3	58.533000	31.883600	59.741300	35.791000
Perseus	4	59.741300	35.791000	59.463500	40.010200
Perseus	5	59.463500	40.010200	56.298500	42.578500
Perseus	6	56.298500	42.578500	55.731300	47.787600
Perseus	7	55.731300	47.787600	54.122400	48.192600
Perseus	8	54.122400	48.192600	51.080700	49.861200
Perseus	9	51.080700	49.861200	46.199100	53.506400
Perseus	10	46.199100	53.506400	42.674200	55.895500
Perseus	11	42.674200	55.895500	43.564400	52.762500
Perseus	12	43.564400	52.762500	47.266700	49.613300
Perseus	13	47.266700	49.613300	47.374000	44.857500
Perseus	14	47.374000	44.857500	47.042200	40.955600
Perseus	15	47.042200	40.955600	47.822400	39.611600
Perseus	16	47.822400	39.611600	46.294100	38.840300
Perseus	17	46.294100	38.840300	44.690300	39.662700
Perseus	18	44.690300	39.662700	44.916200	41.032900
Perseus	19	44.916200	41.032900	47.042200	40.955600
Perseus	20	61.646000	50.351300	63.724400	48.409300
Perseus	21	63.724400	48.409300	62.165400	47.712500
Perseus	22	62.165400	47.712500	55.731300	47.787600
Phoenix	0	6.571000	-42.306000	16.521000	-46.718400
Phoenix	1	16.521000	-46.718400	22.091400	-43.318200
Phoenix	2	22.091400	-43.318200	22.812900	-49.072700
Phoenix	3	22.812900	-49.072700	17.096200	-55.245800
Phoenix	4	17.096200	-55.245800	16.521000	-46.718400
Phoenix	5	16.521000	-46.718400	2.352700	-45.747400
Phoenix	6	2.352700	-45.747400	6.571000	-42.306000
Pictor	0	102.047700	-61.941400	87.456900	-56.166700
Pictor	1	87.456900	-56.166700	86.821200	-51.066500
Pisces	0	-10.708600	3.282300	-14.030800	3.820000
Pisces	1	18.437300	24.583700	17.915200	30.089600
Pisces	2	17.915200	30.089600	19.866600	27.264100
Pisces	3	19.866600	27.264100	18.437300	24.583700
Pisces	4	18.437300	24.583700	17.863400	21.034700
Pisces	5	17.863400	21.034700	22.870900	15.345800
Pisces	6	22.870900	15.345800	26.348500	9.157700
Pisces	7	26.348500	9.157700	30.511800	2.763800
Pisces	8	30.511800	2.763800	28.389000	3.187500
Pisces	9	28.389000	3.187500	25.357900	5.487600
Pisces	10	25.357900	5.487600	22.546300	6.143800
Pisces	11	22.546300	6.143800	18.432900	7.575400
Pisces	12	18.432900	7.575400	15.735900	7.890100
Pisces	13	15.735900	7.890100	12.170600	7.585100
Pisces	14	12.170600	7.585100	-0.172100	6.863300
Pisces	15	-0.172100	6.863300	-5.012300	5.626300
Pisces	16	-5.012300	5.626300	-8.007900	6.379000
Pisces	17	-8.007900	6.379000	-9.914200	5.381300
Pisces	18	-9.914200	5.381300	-10.708600	3.282300
Pisces	19	-10.708600	3.282300	-8.266900	1.255600
Pisces	20	-8.266900	1.255600	-4.488300	1.780000
Pisces	21	-4.488300	1.780000	-3.402000	3.486800
Pisces	22	-3.402000	3.486800	-5.012300	5.626300
Piscis Austrinus	0	-19.836100	-27.043600	-15.587300	-29.622200
Piscis Austrinus	1	-15.587300	-29.622200	-16.012900	-32.539600
Piscis Austrinus	2	-16.012900	-32.539600	-16.868600	-32.875500
Piscis Austrinus	3	-16.868600	-32.875500	-22.123600	-32.346100
Piscis Austrinus	4	-22.123600	-32.346100	-27.904100	-32.988500
Piscis Austrinus	5	-27.904100	-32.988500	-33.763300	-33.025800
Piscis Austrinus	6	-33.763300	-33.025800	-33.066000	-30.898300
Piscis Austrinus	7	-33.066000	-30.898300	-27.904100	-32.988500
Piscis Austrinus	8	-27.904100	-32.988500	-19.836100	-27.043600
Puppis	0	99.440300	-43.195900	109.285700	-37.097500
Puppis	1	109.285700	-37.097500	113.845400	-28.369300
Puppis	2	113.845400	-28.369300	114.707800	-26.803800
Puppis	3	114.707800	-26.803800	117.323600	-24.859800
Puppis	4	117.323600	-24.859800	119.214700	-22.880100
Puppis	5	119.214700	-22.880100	121.886000	-24.304300
Puppis	6	121.886000	-24.304300	120.896000	-40.003100
Puppis	7	120.896000	-40.003100	122.383100	-47.336600
Puppis	8	117.323600	-24.859800	117.021500	-25.937200
Puppis	9	117.021500	-25.937200	115.952000	-28.954800
Puppis	10	115.952000	-28.954800	113.845400	-28.369300
Pyxis	0	120.896000	-40.003100	130.025600	-35.308400
Pyxis	1	130.025600	-35.308400	130.898100	-33.186400
Pyxis	2	130.898100	-33.186400	132.633000	-27.709800
Reticulum	0	63.606200	-62.473900	64.121000	-59.302200
Reticulum	1	64.121000	-59.302200	59.686500	-61.400200
Reticulum	2	59.686500	-61.400200	56.049900	-64.806900
Reticulum	3	56.049900	-64.806900	63.606200	-62.473900
Sagitta	0	-64.975900	18.013900	-63.153100	18.534300
Sagitta	1	-63.153100	18.534300	-60.310700	19.492100
Sagitta	2	-64.737800	17.476000	-63.153100	18.534300
Sagittarius	0	-85.593200	-36.761700	-83.957000	-34.384600
Sagittarius	1	-83.957000	-34.384600	-84.751500	-29.828100
Sagittarius	2	-84.751500	-29.828100	-83.007300	-25.421700
Sagittarius	3	-83.007300	-25.421700	-86.559100	-21.058800
Sagittarius	4	-69.340400	-44.459000	-69.028400	-40.615900
Sagittarius	5	-69.028400	-40.615900	-74.347000	-29.880100
Sagittarius	6	-74.347000	-29.880100	-78.585900	-26.990800
Sagittarius	7	-78.585900	-26.990800	-83.007300	-25.421700
Sagittarius	8	-73.829200	-21.741500	-75.567500	-21.106700
Sagittarius	9	-75.567500	-21.106700	-76.457600	-22.744800
Sagittarius	10	-76.457600	-22.744800	-76.183600	-26.296700
Sagittarius	11	-61.184600	-41.868300	-60.065900	-35.276300
Sagittarius	12	-60.065900	-35.276300	-61.040200	-26.299500
Sagittarius	13	-61.040200	-26.299500	-65.823200	-24.883600
Sagittarius	14	-65.823200	-24.883600	-68.681300	-24.508600
Sagittarius	15	-68.681300	-24.508600	-71.114900	-25.256700
Sagittarius	16	-71.114900	-25.256700	-76.183600	-26.296700
Sagittarius	17	-76.183600	-26.296700	-78.585900	-26.990800
Sagittarius	18	-78.585900	-26.990800	-84.751500	-29.828100
Sagittarius	19	-84.751500	-29.828100	-88.548000	-30.424100
Sagittarius	20	-88.548000	-30.424100	-83.957000	-34.384600
Sagittarius	21	-83.957000	-34.384600	-74.347000	-29.880100
Sagittarius	22	-74.347000	-29.880100	-73.265000	-27.670400
Sagittarius	23	-73.265000	-27.670400	-76.183600	-26.296700
Sagittarius	24	-76.183600	-26.296700	-73.829200	-21.741500
Sagittarius	25	-73.829200	-21.741500	-72.559000	-21.023600
Sagittarius	26	-72.559000	-21.023600	-70.591300	-18.952900
Sagittarius	27	-70.591300	-18.952900	-69.581800	-17.847200
Sagittarius	28	-69.581800	-17.847200	-69.568200	-15.955000
Scorpius	0	-120.287000	-26.114100	-119.916600	-22.621700
Scorpius	1	-119.916600	-22.621700	-118.640700	-19.805500
Scorpius	2	-119.916600	-22.621700	-114.702800	-25.592800
Scorpius	3	-114.702800	-25.592800	-112.648100	-26.432000
Scorpius	4	-112.648100	-26.432000	-111.029400	-28.216000
Scorpius	5	-111.029400	-28.216000	-107.459100	-34.293200
Scorpius	6	-107.459100	-34.293200	-107.032400	-38.047400
Scorpius	7	-107.032400	-38.047400	-106.354100	-42.361300
Scorpius	8	-106.354100	-42.361300	-101.961700	-43.239200
Scorpius	9	-101.961700	-43.239200	-95.670300	-42.997800
Scorpius	10	-95.670300	-42.997800	-93.103800	-40.127000
Scorpius	11	-93.103800	-40.127000	-94.378000	-39.030000
Scorpius	12	-94.378000	-39.030000	-96.597800	-37.103800
Sculptor	0	14.651500	-29.357400	-2.768600	-28.130300
Sculptor	1	-2.768600	-28.130300	-10.294000	-32.532000
Sculptor	2	-10.294000	-32.532000	-6.757300	-37.818300
Scutum	0	-81.198200	-8.244100	-78.206400	-4.747900
Scutum	1	-78.206400	-4.747900	-79.431600	-9.052500
Scutum	2	-79.431600	-9.052500	-82.700600	-14.565800
Scutum	3	-82.700600	-14.565800	-81.198200	-8.244100
Serpens Caput	0	-123.453100	15.421800	-124.612300	19.670400
Serpens Caput	1	-124.612300	19.670400	-122.815100	18.141600
Serpens Caput	2	-122.815100	18.141600	-120.886700	15.661600
Serpens Caput	3	-120.886700	15.661600	-123.453100	15.421800
Serpens Caput	4	-123.453100	15.421800	-126.299400	10.538900
Serpens Caput	5	-126.299400	10.538900	-123.933000	6.425600
Serpens Caput	6	-123.933000	6.425600	-122.296000	4.477700
Serpens Caput	7	-122.296000	4.477700	-116.413600	-3.694300
Serpens Cauda	0	-102.405500	-15.724900	-95.603300	-15.398600
Serpens Cauda	1	-95.603300	-15.398600	-90.243400	-9.773600
Serpens Cauda	2	-90.243400	-9.773600	-89.229500	-8.180300
Serpens Cauda	3	-89.229500	-8.180300	-84.672500	-2.898800
Serpens Cauda	4	-84.672500	-2.898800	-75.945100	4.203600
Sextans	0	151.984500	-0.371600	148.126800	-8.105000
Sextans	1	148.126800	-8.105000	157.369600	-2.739100
Sextans	2	157.369600	-2.739100	157.572800	-0.637000
Taurus	0	51.792300	9.732700	51.203300	9.028900
Taurus	1	51.203300	9.028900	54.218300	0.401700
Taurus	2	64.948300	15.627600	60.170100	12.490300
Taurus	3	60.170100	12.490300	51.792300	9.732700
Taurus	4	51.792300	9.732700	60.789100	5.989300
Taurus	5	84.411200	21.142500	68.980200	16.509300
Taurus	6	68.980200	16.509300	67.165600	15.870900
Taurus	7	67.165600	15.870900	64.948300	15.627600
Taurus	8	64.948300	15.627600	65.733700	17.542500
Taurus	9	65.733700	17.542500	67.154200	19.180400
Taurus	10	67.154200	19.180400	81.573000	28.607500
Telescopium	0	-87.192700	-45.954400	-83.256600	-45.968500
Telescopium	1	-83.256600	-45.968500	-82.792300	-49.070600
Triangulum	0	28.270400	29.578800	32.385900	34.987300
Triangulum	1	32.385900	34.987300	34.328600	33.847200
Triangulum	2	34.328600	33.847200	28.270400	29.578800
Triangulum Australe	0	-107.833800	-69.027700	-121.214300	-63.430700
Triangulum Australe	1	-121.214300	-63.430700	-130.272600	-68.679500
Triangulum Australe	2	-130.272600	-68.679500	-107.833800	-69.027700
Tucana	0	-25.374600	-60.259600	-10.642600	-58.235700
Tucana	1	-10.642600	-58.235700	7.886100	-62.958200
Tucana	2	7.886100	-62.958200	5.017800	-64.874800
Tucana	3	5.017800	-64.874800	-0.020900	-65.577100
Tucana	4	-0.020900	-65.577100	-23.166800	-64.966400
Tucana	5	-23.166800	-64.966400	-25.374600	-60.259600
Ursa Major	0	-180.000000	54.648300	-176.143500	57.032600
Ursa Major	1	-176.143500	57.032600	-166.492700	55.959800
Ursa Major	2	-166.492700	55.959800	-159.018600	54.925400
Ursa Major	3	-159.018600	54.925400	-153.114800	49.313300
Ursa Major	4	-176.143500	57.032600	-180.000000	58.047800
Ursa Major	5	165.932000	61.751000	142.882100	63.061900
Ursa Major	6	142.882100	63.061900	127.566100	60.718200
Ursa Major	7	127.566100	60.718200	147.747300	59.038700
Ursa Major	8	147.747300	59.038700	165.460300	56.382400
Ursa Major	9	165.460300	56.382400	148.026500	54.064300
Ursa Major	10	148.026500	54.064300	143.214300	51.677300
Ursa Major	11	143.214300	51.677300	134.801900	48.041800
Ursa Major	12	135.906400	47.156500	143.214300	51.677300
Ursa Major	13	167.415900	44.498500	154.274100	42.914400
Ursa Major	14	176.512600	47.779400	167.415900	44.498500
Ursa Major	15	167.415900	44.498500	155.582300	41.499500
Ursa Major	16	178.457700	53.694800	176.512600	47.779400
Ursa Major	17	176.512600	47.779400	169.619700	33.094300
Ursa Major	18	169.619700	33.094300	169.546800	31.530800
Ursa Major	19	180.000000	58.047800	165.932000	61.751000
Ursa Major	20	165.932000	61.751000	165.460300	56.382400
Ursa Major	21	165.460300	56.382400	178.457700	53.694800
Ursa Major	22	178.457700	53.694800	180.000000	54.648300
Ursa Minor	0	-123.985300	77.794500	-115.623800	75.755300
Ursa Minor	1	-115.623800	75.755300	-129.817900	71.834000
Ursa Minor	2	-129.817900	71.834000	-137.323600	74.155500
Ursa Minor	3	-137.323600	74.155500	-123.985300	77.794500
Ursa Minor	4	-123.985300	77.794500	-108.507300	82.037300
Ursa Minor	5	-108.507300	82.037300	-96.945800	86.586500
Ursa Minor	6	-96.945800	86.586500	37.954500	89.264100
Vela	0	131.175900	-54.708800	140.528400	-55.010700
Vela	1	140.528400	-55.010700	149.215600	-54.567800
Vela	2	149.215600	-54.567800	161.692400	-49.420300
Vela	3	161.692400	-49.420300	153.684000	-42.121900
Vela	4	153.684000	-42.121900	142.675000	-40.466800
Vela	5	142.675000	-40.466800	136.999000	-43.432600
Vela	6	136.999000	-43.432600	122.383100	-47.336600
Virgo	0	-180.000000	0.990200	-175.023500	-0.666800
Virgo	1	-175.023500	-0.666800	-169.584800	-1.449400
Virgo	2	-169.584800	-1.449400	-162.512500	-5.539000
Virgo	3	-162.512500	-5.539000	-158.701800	-11.161300
Virgo	4	-158.701800	-11.161300	-145.996400	-6.000500
Virgo	5	-145.996400	-6.000500	-139.234900	-5.658200
Virgo	6	-164.455800	10.959200	-166.099100	3.397500
Virgo	7	-166.099100	3.397500	-169.584800	-1.449400
Virgo	8	-162.512500	-5.539000	-156.326700	-0.595800
Virgo	9	-156.326700	-0.595800	-149.588400	1.544500
Virgo	10	-149.588400	1.544500	-138.437800	1.892900
Virgo	11	176.464800	6.529400	177.673800	1.764700
Virgo	12	177.673800	1.764700	180.000000	0.990200
Volans	0	135.611600	-66.396100	126.434100	-66.136900
Volans	1	126.434100	-66.136900	121.982500	-68.617100
Volans	2	121.982500	-68.617100	109.207600	-67.957200
Volans	3	109.207600	-67.957200	107.186900	-70.498900
Volans	4	107.186900	-70.498900	121.982500	-68.617100
Volans	5	121.982500	-68.617100	135.611600	-66.396100
Vulpecula	0	-70.945700	21.390400	-67.823600	24.664900
Vulpecula	1	-67.823600	24.664900	-61.634600	24.079600
Vulpecula	2	-61.634600	24.079600	-59.724800	27.753600
Vulpecula	3	-59.724800	27.753600	-56.057800	27.814200
